task_id,asset_id,department,task_type,linked_defect_id,priority_score,failure_prob_7d,failure_prob_30d,urgency_score,estimated_duration_min,earliest_start_date,latest_end_date,preferred_shift,status,source_system,created_at,updated_at
1,100,TRD,corrective_mast_foundation_tilt,172,67.76,0.1606,0.3487,64.48,210,2026-09-10,2026-09-18,any,pending,CRIS-CMS,2026-09-10T08:16:21+00:00,2026-09-10T08:16:21+00:00
2,70,P.Way,corrective_ballast_deficiency,98,47.05,0.0911,0.2883,46.55,30,2026-09-10,2026-10-02,night,pending,TMS,2026-09-10T08:16:21+00:00,2026-09-10T08:16:21+00:00
3,94,P.Way,corrective_gauge_slack,134,66.49,0.1728,0.3552,62.28,90,2026-09-10,2026-09-19,night,pending,CRIS-CMS,2026-09-10T08:16:21+00:00,2026-09-10T08:16:21+00:00
4,26,S&T,corrective_cable_fault,76,66.08,0.2138,0.3323,63.24,120,2026-09-10,2026-09-20,any,pending,TRC,2026-09-10T08:16:21+00:00,2026-09-10T08:16:21+00:00
5,56,P.Way,corrective_weld_failure,123,90.65,0.365,0.5537,85.77,180,2026-09-10,2026-09-17,night,scheduled,TMS,2026-09-10T08:16:21+00:00,2026-09-10T08:16:21+00:00
6,24,TRD,corrective_OHE_snap,5,84.96,0.3591,0.454,77.17,225,2026-09-10,2026-09-17,night,scheduled,USFD,2026-09-10T08:16:21+00:00,2026-09-10T08:16:21+00:00
7,16,S&T,corrective_LC_boom_sticking,27,67.47,0.1645,0.3555,64.93,35,2026-09-10,2026-09-18,night,scheduled,CRIS-CMS,2026-09-10T08:16:21+00:00,2026-09-10T08:16:21+00:00
8,73,S&T,corrective_LC_boom_sticking,4,75.2,0.2057,0.3104,74.23,80,2026-09-10,2026-09-18,night,scheduled,USFD,2026-09-10T08:16:21+00:00,2026-09-10T08:16:21+00:00
9,55,P.Way,corrective_weed_growth,15,20.56,0.0586,0.2723,12.92,45,2026-09-10,2026-10-25,any,pending,USFD,2026-09-10T08:16:21+00:00,2026-09-10T08:16:21+00:00
10,69,TRD,corrective_contact_wire_wear,90,67.49,0.1701,0.363,64.71,105,2026-09-10,2026-09-20,night,scheduled,TRC,2026-09-10T08:16:21+00:00,2026-09-10T08:16:21+00:00
11,38,S&T,corrective_track_circuit_failure,29,85.08,0.3535,0.4439,80.77,90,2026-09-10,2026-09-17,day,scheduled,TRC,2026-09-10T08:16:21+00:00,2026-09-10T08:16:21+00:00
12,83,P.Way,corrective_weld_failure,196,90.35,0.3296,0.5027,85.66,165,2026-09-10,2026-09-17,night,scheduled,TRC,2026-09-10T08:16:21+00:00,2026-09-10T08:16:21+00:00
13,22,P.Way,corrective_P&C_wear,153,44.04,0.0672,0.2448,43.62,65,2026-09-10,2026-10-02,night,pending,USFD,2026-09-10T08:16:21+00:00,2026-09-10T08:16:21+00:00
14,36,S&T,corrective_aspect_dim,105,44.61,0.037,0.2412,44.57,55,2026-09-10,2026-10-04,night,scheduled,TRC,2026-09-10T08:16:21+00:00,2026-09-10T08:16:21+00:00
15,46,S&T,corrective_EI_alarm,170,27.15,0.0185,0.2555,20.12,30,2026-09-10,2026-10-25,night,pending,TRC,2026-09-10T08:16:21+00:00,2026-09-10T08:16:21+00:00
16,44,S&T,corrective_track_circuit_failure,177,84.39,0.3875,0.5017,79.23,105,2026-09-10,2026-09-17,day,scheduled,TRC,2026-09-10T08:16:21+00:00,2026-09-10T08:16:21+00:00
17,82,P.Way,corrective_gauge_slack,197,65.07,0.1902,0.3472,59.29,75,2026-09-10,2026-09-17,day,pending,TRC,2026-09-10T08:16:21+00:00,2026-09-10T08:16:21+00:00
18,47,S&T,corrective_aspect_dim,183,46.96,0.0423,0.2687,45.55,40,2026-09-10,2026-10-04,day,scheduled,TMS,2026-09-10T08:16:21+00:00,2026-09-10T08:16:21+00:00
19,74,TRD,corrective_jumper_hotspot,114,47.97,0.0578,0.2069,40.47,75,2026-09-10,2026-10-02,day,pending,TMS,2026-09-10T08:16:21+00:00,2026-09-10T08:16:21+00:00
20,23,P.Way,corrective_gauge_slack,135,75.11,0.2114,0.2632,70.57,120,2026-09-10,2026-09-20,night,scheduled,TRC,2026-09-10T08:16:21+00:00,2026-09-10T08:16:21+00:00
21,74,TRD,corrective_mast_foundation_tilt,141,75.8,0.1699,0.4177,71.45,210,2026-09-10,2026-09-18,night,pending,TMS,2026-09-10T08:16:21+00:00,2026-09-10T08:16:21+00:00
22,5,S&T,corrective_axle_counter_reset,162,75.26,0.2096,0.3532,73.72,60,2026-09-10,2026-09-20,night,scheduled,USFD,2026-09-10T08:16:21+00:00,2026-09-10T08:16:21+00:00
23,11,TRD,corrective_dropper_missing,158,17.95,0.0221,0.1236,16.46,60,2026-09-10,2026-10-26,any,pending,USFD,2026-09-10T08:16:21+00:00,2026-09-10T08:16:21+00:00
24,69,TRD,corrective_mast_foundation_tilt,1,73.49,0.1897,0.3912,72.09,180,2026-09-10,2026-09-20,any,scheduled,CRIS-CMS,2026-09-10T08:16:21+00:00,2026-09-10T08:16:21+00:00
25,74,TRD,corrective_auto_tension_failure,129,92.76,0.3779,0.5309,92.07,180,2026-09-10,2026-09-17,night,scheduled,TMS,2026-09-10T08:16:21+00:00,2026-09-10T08:16:21+00:00
26,98,P.Way,corrective_scabbing,23,66.22,0.1598,0.2746,64.23,90,2026-09-10,2026-09-20,night,pending,TMS,2026-09-10T08:16:21+00:00,2026-09-10T08:16:21+00:00
27,62,P.Way,corrective_P&C_wear,57,38.83,0.0828,0.3236,36.41,50,2026-09-10,2026-10-04,any,pending,CRIS-CMS,2026-09-10T08:16:21+00:00,2026-09-10T08:16:21+00:00
28,100,TRD,corrective_dropper_missing,79,16.14,0.0358,0.2243,15.64,45,2026-09-10,2026-10-26,night,pending,CRIS-CMS,2026-09-10T08:16:21+00:00,2026-09-10T08:16:21+00:00
29,71,P.Way,corrective_rail_fracture,55,85.68,0.3484,0.4989,78.52,165,2026-09-10,2026-09-17,any,scheduled,TMS,2026-09-10T08:16:21+00:00,2026-09-10T08:16:21+00:00
30,46,S&T,corrective_axle_counter_reset,70,67.73,0.1582,0.3914,65.37,60,2026-09-10,2026-09-20,night,pending,TRC,2026-09-10T08:16:21+00:00,2026-09-10T08:16:21+00:00
31,34,S&T,corrective_signal_blank,100,84.63,0.3293,0.41,78.65,120,2026-09-10,2026-09-17,night,scheduled,TMS,2026-09-10T08:16:21+00:00,2026-09-10T08:16:21+00:00
32,35,TRD,corrective_dropper_missing,178,20.99,0.0284,0.1726,16.69,60,2026-09-10,2026-10-25,night,pending,USFD,2026-09-10T08:16:21+00:00,2026-09-10T08:16:21+00:00
33,60,S&T,corrective_LC_boom_sticking,43,66.62,0.1673,0.3683,59.64,80,2026-09-10,2026-09-19,night,scheduled,TRC,2026-09-10T08:16:21+00:00,2026-09-10T08:16:21+00:00
34,12,P.Way,corrective_ballast_deficiency,24,41.36,0.0793,0.1449,36.85,45,2026-09-10,2026-10-03,night,pending,TRC,2026-09-10T08:16:21+00:00,2026-09-10T08:16:21+00:00
35,61,P.Way,corrective_P&C_wear,101,42.57,0.0654,0.2299,41.37,35,2026-09-10,2026-10-04,night,pending,TRC,2026-09-10T08:16:21+00:00,2026-09-10T08:16:21+00:00
36,80,TRD,corrective_insulator_flashover,80,70.24,0.1581,0.2492,65.58,60,2026-09-10,2026-09-17,night,scheduled,FOIS-OMMS,2026-09-10T08:16:21+00:00,2026-09-10T08:16:21+00:00
37,78,TRD,corrective_insulator_flashover,45,70.12,0.2066,0.3473,66.02,75,2026-09-10,2026-09-17,night,scheduled,FOIS-OMMS,2026-09-10T08:16:21+00:00,2026-09-10T08:16:21+00:00
38,68,S&T,corrective_axle_counter_reset,106,64.69,0.1824,0.3937,58.91,90,2026-09-10,2026-09-17,night,pending,TMS,2026-09-10T08:16:21+00:00,2026-09-10T08:16:21+00:00
39,32,S&T,corrective_LC_boom_sticking,143,73.8,0.2022,0.3679,73.44,50,2026-09-10,2026-09-19,night,scheduled,FOIS-OMMS,2026-09-10T08:16:21+00:00,2026-09-10T08:16:21+00:00
40,77,P.Way,corrective_scabbing,35,64.77,0.2196,0.4565,64.21,90,2026-09-10,2026-09-20,day,pending,FOIS-OMMS,2026-09-10T08:16:21+00:00,2026-09-10T08:16:21+00:00
41,22,P.Way,corrective_ballast_deficiency,42,36.38,0.0586,0.2624,30.25,60,2026-09-10,2026-10-04,day,pending,TMS,2026-09-10T08:16:21+00:00,2026-09-10T08:16:21+00:00
42,11,TRD,corrective_insulator_flashover,180,71.75,0.1794,0.428,68.69,105,2026-09-10,2026-09-20,any,pending,CRIS-CMS,2026-09-10T08:16:21+00:00,2026-09-10T08:16:21+00:00
43,28,P.Way,corrective_gauge_slack,125,74.88,0.1763,0.3628,69.59,105,2026-09-10,2026-09-17,night,scheduled,TMS,2026-09-10T08:16:21+00:00,2026-09-10T08:16:21+00:00
44,23,P.Way,corrective_weld_failure,38,89.84,0.3443,0.43,85.54,180,2026-09-10,2026-09-17,night,scheduled,TRC,2026-09-10T08:16:21+00:00,2026-09-10T08:16:21+00:00
45,64,S&T,corrective_EI_alarm,20,24.73,0.0056,0.0563,24.55,60,2026-09-10,2026-10-26,night,pending,FOIS-OMMS,2026-09-10T08:16:21+00:00,2026-09-10T08:16:21+00:00
46,93,P.Way,corrective_gauge_slack,146,72.08,0.1881,0.3445,65.5,90,2026-09-10,2026-09-19,night,scheduled,FOIS-OMMS,2026-09-10T08:16:21+00:00,2026-09-10T08:16:21+00:00
47,29,TRD,corrective_jumper_hotspot,102,40.15,0.0493,0.2868,34.35,60,2026-09-10,2026-10-04,night,pending,TMS,2026-09-10T08:16:21+00:00,2026-09-10T08:16:21+00:00
48,71,P.Way,corrective_ballast_deficiency,191,45.71,0.0593,0.2626,38.64,45,2026-09-10,2026-10-02,night,pending,FOIS-OMMS,2026-09-10T08:16:21+00:00,2026-09-10T08:16:21+00:00
49,87,S&T,corrective_aspect_dim,74,38.47,0.0371,0.0938,33.69,70,2026-09-10,2026-10-03,any,pending,TRC,2026-09-10T08:16:21+00:00,2026-09-10T08:16:21+00:00
50,78,TRD,corrective_auto_tension_failure,122,82.58,0.3718,0.5023,80.71,150,2026-09-10,2026-09-17,night,scheduled,FOIS-OMMS,2026-09-10T08:16:21+00:00,2026-09-10T08:16:21+00:00
51,28,P.Way,corrective_ballast_deficiency,189,46.36,0.034,0.1847,44.05,30,2026-09-10,2026-10-02,any,pending,TMS,2026-09-10T08:16:21+00:00,2026-09-10T08:16:21+00:00
52,66,P.Way,corrective_scabbing,192,72.78,0.1723,0.3419,67.4,60,2026-09-10,2026-09-18,night,scheduled,USFD,2026-09-10T08:16:21+00:00,2026-09-10T08:16:21+00:00
53,9,P.Way,corrective_sleeper_decay,33,67.62,0.16,0.3421,65.85,60,2026-09-10,2026-09-18,night,scheduled,CRIS-CMS,2026-09-10T08:16:21+00:00,2026-09-10T08:16:21+00:00
54,61,P.Way,corrective_ballast_deficiency,39,36.73,0.0964,0.3223,29.44,60,2026-09-10,2026-10-03,night,pending,USFD,2026-09-10T08:16:21+00:00,2026-09-10T08:16:21+00:00
55,65,TRD,corrective_insulator_flashover,83,69.13,0.1847,0.4292,61.59,105,2026-09-10,2026-09-19,night,pending,FOIS-OMMS,2026-09-10T08:16:21+00:00,2026-09-10T08:16:21+00:00
56,17,S&T,corrective_axle_counter_reset,30,73.43,0.1723,0.3056,72.24,75,2026-09-10,2026-09-18,night,scheduled,USFD,2026-09-10T08:16:21+00:00,2026-09-10T08:16:21+00:00
57,43,P.Way,corrective_gauge_slack,97,73.05,0.1831,0.403,70.65,105,2026-09-10,2026-09-18,any,scheduled,CRIS-CMS,2026-09-10T08:16:21+00:00,2026-09-10T08:16:21+00:00
58,45,P.Way,corrective_weed_growth,115,25.67,0.054,0.2165,17.93,45,2026-09-10,2026-10-26,night,pending,USFD,2026-09-10T08:16:21+00:00,2026-09-10T08:16:21+00:00
59,5,S&T,corrective_aspect_dim,67,37.61,0.047,0.1377,32.44,55,2026-09-10,2026-10-02,day,pending,TMS,2026-09-10T08:16:21+00:00,2026-09-10T08:16:21+00:00
60,25,TRD,corrective_OHE_snap,22,92.17,0.3265,0.5214,90.64,240,2026-09-10,2026-09-17,night,scheduled,TRC,2026-09-10T08:16:21+00:00,2026-09-10T08:16:21+00:00
61,72,TRD,corrective_jumper_hotspot,112,44.08,0.0722,0.2969,42.58,30,2026-09-10,2026-10-04,any,pending,FOIS-OMMS,2026-09-10T08:16:21+00:00,2026-09-10T08:16:21+00:00
62,3,TRD,corrective_jumper_hotspot,9,44.69,0.0691,0.215,37.74,45,2026-09-10,2026-10-04,night,scheduled,TMS,2026-09-10T08:16:21+00:00,2026-09-10T08:16:21+00:00
63,57,S&T,corrective_EI_alarm,186,27.48,0.0,0.2374,19.79,30,2026-09-10,2026-10-27,night,pending,USFD,2026-09-10T08:16:21+00:00,2026-09-10T08:16:21+00:00
64,68,S&T,corrective_cable_fault,195,75.99,0.1835,0.282,71.16,105,2026-09-10,2026-09-18,night,scheduled,FOIS-OMMS,2026-09-10T08:16:21+00:00,2026-09-10T08:16:21+00:00
65,53,P.Way,corrective_ballast_deficiency,92,46.98,0.0686,0.2737,43.94,60,2026-09-10,2026-10-02,night,pending,USFD,2026-09-10T08:16:21+00:00,2026-09-10T08:16:21+00:00
66,52,S&T,corrective_signal_blank,130,86.31,0.3383,0.4909,82.33,120,2026-09-10,2026-09-17,night,scheduled,TMS,2026-09-10T08:16:21+00:00,2026-09-10T08:16:21+00:00
67,96,P.Way,corrective_gauge_slack,91,75.78,0.1829,0.4008,68.46,75,2026-09-10,2026-09-20,night,scheduled,TRC,2026-09-10T08:16:21+00:00,2026-09-10T08:16:21+00:00
68,64,S&T,corrective_LC_boom_sticking,126,68.97,0.1894,0.2836,67.8,50,2026-09-10,2026-09-20,night,scheduled,TRC,2026-09-10T08:16:21+00:00,2026-09-10T08:16:21+00:00
69,43,P.Way,corrective_weed_growth,26,27.22,0.0305,0.1641,26.0,45,2026-09-10,2026-10-27,night,pending,CRIS-CMS,2026-09-10T08:16:21+00:00,2026-09-10T08:16:21+00:00
70,64,S&T,corrective_aspect_dim,166,40.56,0.0883,0.2382,35.32,40,2026-09-10,2026-10-02,night,pending,FOIS-OMMS,2026-09-10T08:16:21+00:00,2026-09-10T08:16:21+00:00
71,48,S&T,corrective_LC_boom_sticking,86,67.09,0.2075,0.4508,61.95,80,2026-09-10,2026-09-19,night,scheduled,TMS,2026-09-10T08:16:21+00:00,2026-09-10T08:16:21+00:00
72,20,P.Way,corrective_ballast_deficiency,198,38.02,0.0856,0.1695,32.26,60,2026-09-10,2026-10-02,night,pending,FOIS-OMMS,2026-09-10T08:16:21+00:00,2026-09-10T08:16:21+00:00
73,45,P.Way,corrective_sleeper_decay,48,75.0,0.1879,0.3663,74.53,60,2026-09-10,2026-09-18,night,scheduled,FOIS-OMMS,2026-09-10T08:16:21+00:00,2026-09-10T08:16:21+00:00
74,19,TRD,corrective_jumper_hotspot,118,46.16,0.0962,0.2798,40.05,45,2026-09-10,2026-10-01,night,pending,TMS,2026-09-10T08:16:21+00:00,2026-09-10T08:16:21+00:00
75,57,S&T,corrective_signal_blank,137,92.11,0.3362,0.5276,92.04,105,2026-09-10,2026-09-17,night,scheduled,TRC,2026-09-10T08:16:21+00:00,2026-09-10T08:16:21+00:00
76,23,P.Way,corrective_ballast_deficiency,17,40.48,0.0732,0.2566,35.55,75,2026-09-10,2026-10-04,night,pending,USFD,2026-09-10T08:16:21+00:00,2026-09-10T08:16:21+00:00
77,9,P.Way,corrective_P&C_wear,173,41.85,0.0305,0.1908,41.76,50,2026-09-10,2026-10-01,night,pending,CRIS-CMS,2026-09-10T08:16:21+00:00,2026-09-10T08:16:21+00:00
78,76,TRD,corrective_auto_tension_failure,36,85.3,0.3884,0.4419,78.79,135,2026-09-10,2026-09-17,night,scheduled,CRIS-CMS,2026-09-10T08:16:21+00:00,2026-09-10T08:16:21+00:00
79,47,S&T,corrective_signal_blank,85,91.67,0.3837,0.4551,90.9,105,2026-09-10,2026-09-17,night,scheduled,USFD,2026-09-10T08:16:21+00:00,2026-09-10T08:16:21+00:00
80,77,P.Way,corrective_gauge_slack,58,66.3,0.1869,0.3999,64.16,120,2026-09-10,2026-09-19,night,pending,TRC,2026-09-10T08:16:21+00:00,2026-09-10T08:16:21+00:00
81,17,S&T,corrective_signal_blank,184,86.48,0.3484,0.5114,78.55,105,2026-09-10,2026-09-17,night,scheduled,USFD,2026-09-10T08:16:21+00:00,2026-09-10T08:16:21+00:00
82,12,P.Way,corrective_weed_growth,50,24.21,0.0494,0.2301,17.34,15,2026-09-10,2026-10-28,any,scheduled,TRC,2026-09-10T08:16:21+00:00,2026-09-10T08:16:21+00:00
83,73,S&T,corrective_track_circuit_failure,10,83.12,0.3465,0.5071,82.67,90,2026-09-10,2026-09-17,night,scheduled,CRIS-CMS,2026-09-10T08:16:21+00:00,2026-09-10T08:16:21+00:00
84,17,S&T,corrective_aspect_dim,152,38.06,0.065,0.2018,31.78,40,2026-09-10,2026-10-02,night,pending,TRC,2026-09-10T08:16:21+00:00,2026-09-10T08:16:21+00:00
85,88,TRD,corrective_dropper_missing,71,26.3,0.0,0.1556,25.96,30,2026-09-10,2026-10-25,night,pending,TRC,2026-09-10T08:16:21+00:00,2026-09-10T08:16:21+00:00
86,57,S&T,corrective_track_circuit_failure,93,92.42,0.3821,0.5272,92.04,90,2026-09-10,2026-09-17,night,scheduled,TMS,2026-09-10T08:16:21+00:00,2026-09-10T08:16:21+00:00
87,8,TRD,corrective_insulator_flashover,138,75.11,0.213,0.3757,74.84,90,2026-09-10,2026-09-20,day,scheduled,USFD,2026-09-10T08:16:21+00:00,2026-09-10T08:16:21+00:00
88,49,P.Way,corrective_scabbing,72,67.77,0.2173,0.3847,61.76,60,2026-09-10,2026-09-18,any,scheduled,USFD,2026-09-10T08:16:21+00:00,2026-09-10T08:16:21+00:00
89,82,P.Way,corrective_ballast_deficiency,73,40.78,0.0354,0.1179,38.86,30,2026-09-10,2026-10-04,any,pending,FOIS-OMMS,2026-09-10T08:16:21+00:00,2026-09-10T08:16:21+00:00
90,20,P.Way,corrective_P&C_wear,110,40.67,0.0928,0.2091,34.63,35,2026-09-10,2026-10-01,night,pending,USFD,2026-09-10T08:16:21+00:00,2026-09-10T08:16:21+00:00
91,73,S&T,corrective_track_circuit_failure,96,93.86,0.3707,0.5209,86.07,75,2026-09-10,2026-09-17,night,scheduled,CRIS-CMS,2026-09-10T08:16:21+00:00,2026-09-10T08:16:21+00:00
92,42,P.Way,corrective_weed_growth,6,21.25,0.0487,0.1668,15.09,60,2026-09-10,2026-10-27,day,pending,TMS,2026-09-10T08:16:21+00:00,2026-09-10T08:16:21+00:00
93,99,P.Way,corrective_P&C_wear,150,40.76,0.0841,0.1401,38.57,50,2026-09-10,2026-10-02,day,pending,TMS,2026-09-10T08:16:21+00:00,2026-09-10T08:16:21+00:00
94,67,TRD,corrective_insulator_flashover,52,69.89,0.1749,0.4131,66.43,105,2026-09-10,2026-09-20,night,scheduled,TMS,2026-09-10T08:16:21+00:00,2026-09-10T08:16:21+00:00
95,75,S&T,corrective_cable_fault,47,71.93,0.156,0.3297,65.54,150,2026-09-10,2026-09-17,any,scheduled,USFD,2026-09-10T08:16:21+00:00,2026-09-10T08:16:21+00:00
96,51,TRD,corrective_insulator_flashover,94,64.98,0.1608,0.3531,59.91,105,2026-09-10,2026-09-17,any,pending,CRIS-CMS,2026-09-10T08:16:21+00:00,2026-09-10T08:16:21+00:00
97,38,S&T,corrective_EI_alarm,151,19.8,0.0,0.051,17.33,15,2026-09-10,2026-10-27,night,scheduled,TRC,2026-09-10T08:16:21+00:00,2026-09-10T08:16:21+00:00
98,94,P.Way,corrective_ballast_deficiency,18,39.24,0.0393,0.1268,35.65,45,2026-09-10,2026-10-01,night,pending,FOIS-OMMS,2026-09-10T08:16:21+00:00,2026-09-10T08:16:21+00:00
99,60,S&T,corrective_signal_blank,56,86.9,0.3218,0.4426,86.15,105,2026-09-10,2026-09-17,night,scheduled,USFD,2026-09-10T08:16:21+00:00,2026-09-10T08:16:21+00:00
100,16,S&T,corrective_EI_alarm,14,19.89,0.017,0.1253,16.79,15,2026-09-10,2026-10-27,night,scheduled,TRC,2026-09-10T08:16:21+00:00,2026-09-10T08:16:21+00:00
101,35,TRD,corrective_auto_tension_failure,2,92.81,0.3834,0.629,88.24,180,2026-09-10,2026-09-17,night,scheduled,USFD,2026-09-10T08:16:21+00:00,2026-09-10T08:16:21+00:00
102,58,S&T,corrective_signal_blank,142,86.57,0.3297,0.4399,82.62,75,2026-09-10,2026-09-17,night,scheduled,TMS,2026-09-10T08:16:21+00:00,2026-09-10T08:16:21+00:00
103,94,P.Way,corrective_weld_failure,109,87.22,0.3495,0.4963,86.6,165,2026-09-10,2026-09-17,night,scheduled,FOIS-OMMS,2026-09-10T08:16:21+00:00,2026-09-10T08:16:21+00:00
104,42,P.Way,corrective_scabbing,61,66.96,0.1938,0.3625,65.39,90,2026-09-10,2026-09-18,night,scheduled,USFD,2026-09-10T08:16:21+00:00,2026-09-10T08:16:21+00:00
105,4,P.Way,corrective_weed_growth,193,19.66,0.0564,0.1729,14.69,45,2026-09-10,2026-10-28,any,pending,TRC,2026-09-10T08:16:21+00:00,2026-09-10T08:16:21+00:00
106,56,P.Way,corrective_weld_failure,131,85.95,0.3434,0.5565,79.08,180,2026-09-10,2026-09-17,day,scheduled,USFD,2026-09-10T08:16:21+00:00,2026-09-10T08:16:21+00:00
107,86,P.Way,corrective_weld_failure,168,83.63,0.3424,0.5819,82.03,135,2026-09-10,2026-09-17,night,scheduled,USFD,2026-09-10T08:16:21+00:00,2026-09-10T08:16:21+00:00
108,21,P.Way,corrective_rail_fracture,121,93.57,0.3878,0.4961,88.02,210,2026-09-10,2026-09-17,night,scheduled,USFD,2026-09-10T08:16:21+00:00,2026-09-10T08:16:21+00:00
109,5,S&T,corrective_signal_blank,139,88.91,0.337,0.4622,82.38,105,2026-09-10,2026-09-17,night,scheduled,TMS,2026-09-10T08:16:21+00:00,2026-09-10T08:16:21+00:00
110,13,S&T,corrective_LC_boom_sticking,111,65.37,0.1895,0.3579,61.0,50,2026-09-10,2026-09-17,night,pending,TRC,2026-09-10T08:16:21+00:00,2026-09-10T08:16:21+00:00
111,61,P.Way,corrective_rail_fracture,7,88.6,0.3867,0.529,82.93,195,2026-09-10,2026-09-17,night,scheduled,TMS,2026-09-10T08:16:21+00:00,2026-09-10T08:16:21+00:00
112,74,TRD,corrective_OHE_snap,46,85.5,0.3685,0.5823,79.13,240,2026-09-10,2026-09-17,night,scheduled,CRIS-CMS,2026-09-10T08:16:21+00:00,2026-09-10T08:16:21+00:00
113,98,P.Way,corrective_P&C_wear,136,41.99,0.0743,0.1727,36.72,65,2026-09-10,2026-10-03,any,pending,CRIS-CMS,2026-09-10T08:16:21+00:00,2026-09-10T08:16:21+00:00
114,56,P.Way,corrective_ballast_deficiency,182,45.47,0.0352,0.2833,41.64,30,2026-09-10,2026-10-01,night,pending,USFD,2026-09-10T08:16:21+00:00,2026-09-10T08:16:21+00:00
115,14,S&T,corrective_EI_alarm,31,22.08,0.0544,0.2428,17.73,45,2026-09-10,2026-10-28,any,pending,USFD,2026-09-10T08:16:21+00:00,2026-09-10T08:16:21+00:00
116,35,TRD,corrective_dropper_missing,59,20.31,0.0527,0.2101,15.21,45,2026-09-10,2026-10-28,night,pending,CRIS-CMS,2026-09-10T08:16:21+00:00,2026-09-10T08:16:21+00:00
117,10,TRD,corrective_auto_tension_failure,65,91.23,0.366,0.487,86.05,180,2026-09-10,2026-09-17,night,scheduled,FOIS-OMMS,2026-09-10T08:16:21+00:00,2026-09-10T08:16:21+00:00
118,1,S&T,corrective_LC_boom_sticking,51,75.8,0.1974,0.3273,69.78,80,2026-09-10,2026-09-17,day,scheduled,CRIS-CMS,2026-09-10T08:16:21+00:00,2026-09-10T08:16:21+00:00
119,67,TRD,corrective_auto_tension_failure,188,87.17,0.3207,0.4225,83.08,165,2026-09-10,2026-09-17,night,scheduled,USFD,2026-09-10T08:16:21+00:00,2026-09-10T08:16:21+00:00
120,93,P.Way,corrective_gauge_slack,3,70.97,0.1903,0.3294,67.84,75,2026-09-10,2026-09-20,any,scheduled,TRC,2026-09-10T08:16:21+00:00,2026-09-10T08:16:21+00:00
121,35,TRD,corrective_OHE_snap,176,89.06,0.355,0.474,88.87,240,2026-09-10,2026-09-17,night,scheduled,USFD,2026-09-10T08:16:21+00:00,2026-09-10T08:16:21+00:00
122,67,TRD,corrective_insulator_flashover,199,68.99,0.2173,0.2905,61.47,75,2026-09-10,2026-09-19,night,scheduled,CRIS-CMS,2026-09-10T08:16:21+00:00,2026-09-10T08:16:21+00:00
123,79,TRD,corrective_OHE_snap,163,85.74,0.3519,0.4432,81.88,225,2026-09-10,2026-09-17,night,scheduled,CRIS-CMS,2026-09-10T08:16:21+00:00,2026-09-10T08:16:21+00:00
124,91,TRD,corrective_contact_wire_wear,127,69.26,0.1988,0.3126,66.86,105,2026-09-10,2026-09-17,any,scheduled,USFD,2026-09-10T08:16:21+00:00,2026-09-10T08:16:21+00:00
125,58,S&T,corrective_aspect_dim,60,37.38,0.0894,0.269,31.96,55,2026-09-10,2026-10-04,night,pending,USFD,2026-09-10T08:16:21+00:00,2026-09-10T08:16:21+00:00
126,87,S&T,corrective_EI_alarm,66,27.81,0.0071,0.092,26.53,45,2026-09-10,2026-10-28,night,pending,TRC,2026-09-10T08:16:21+00:00,2026-09-10T08:16:21+00:00
127,82,P.Way,corrective_weld_failure,133,93.5,0.3362,0.4672,92.03,150,2026-09-10,2026-09-17,night,scheduled,FOIS-OMMS,2026-09-10T08:16:21+00:00,2026-09-10T08:16:21+00:00
128,81,S&T,corrective_axle_counter_reset,200,69.19,0.152,0.3249,67.61,45,2026-09-10,2026-09-18,night,scheduled,TRC,2026-09-10T08:16:21+00:00,2026-09-10T08:16:21+00:00
129,53,P.Way,corrective_P&C_wear,49,40.67,0.0793,0.1705,34.65,80,2026-09-10,2026-10-01,any,pending,USFD,2026-09-10T08:16:21+00:00,2026-09-10T08:16:21+00:00
130,17,S&T,corrective_aspect_dim,194,36.75,0.0371,0.2615,35.26,55,2026-09-10,2026-10-04,night,pending,USFD,2026-09-10T08:16:21+00:00,2026-09-10T08:16:21+00:00
131,15,TRD,corrective_auto_tension_failure,84,87.49,0.3384,0.5609,83.27,150,2026-09-10,2026-09-17,night,scheduled,TRC,2026-09-10T08:16:21+00:00,2026-09-10T08:16:21+00:00
132,78,TRD,corrective_dropper_missing,179,23.16,0.0328,0.2002,20.38,45,2026-09-10,2026-10-27,any,pending,TMS,2026-09-10T08:16:21+00:00,2026-09-10T08:16:21+00:00
133,5,S&T,corrective_EI_alarm,175,23.41,0.047,0.2382,21.03,45,2026-09-10,2026-10-25,night,pending,FOIS-OMMS,2026-09-10T08:16:21+00:00,2026-09-10T08:16:21+00:00
134,30,P.Way,corrective_sleeper_decay,108,65.02,0.1594,0.2329,62.57,105,2026-09-10,2026-09-20,night,pending,USFD,2026-09-10T08:16:21+00:00,2026-09-10T08:16:21+00:00
135,46,S&T,corrective_EI_alarm,99,24.32,0.0258,0.1594,23.22,45,2026-09-10,2026-10-25,night,pending,CRIS-CMS,2026-09-10T08:16:21+00:00,2026-09-10T08:16:21+00:00
136,6,S&T,corrective_axle_counter_reset,174,66.23,0.1945,0.3832,61.07,90,2026-09-10,2026-09-20,day,scheduled,FOIS-OMMS,2026-09-10T08:16:21+00:00,2026-09-10T08:16:21+00:00
137,10,TRD,corrective_jumper_hotspot,13,42.66,0.0643,0.1423,40.14,30,2026-09-10,2026-10-03,night,pending,TRC,2026-09-10T08:16:21+00:00,2026-09-10T08:16:21+00:00
138,48,S&T,corrective_cable_fault,25,64.64,0.1751,0.227,63.55,135,2026-09-10,2026-09-20,any,pending,TRC,2026-09-10T08:16:21+00:00,2026-09-10T08:16:21+00:00
139,7,P.Way,corrective_P&C_wear,157,47.57,0.0654,0.2144,42.09,35,2026-09-10,2026-10-01,night,pending,FOIS-OMMS,2026-09-10T08:16:21+00:00,2026-09-10T08:16:21+00:00
140,13,S&T,corrective_aspect_dim,64,46.08,0.0642,0.1307,45.83,40,2026-09-10,2026-10-04,any,pending,CRIS-CMS,2026-09-10T08:16:21+00:00,2026-09-10T08:16:21+00:00
141,38,S&T,periodic_signal_round_testing,,31.72,0.0476,0.1061,33.56,60,2026-09-11,2026-09-25,any,pending,IR-PMS,2026-09-10T08:16:21+00:00,2026-09-10T08:16:21+00:00
142,71,P.Way,periodic_USFD_testing,,29.01,0.0643,0.1948,35.57,120,2026-09-08,2026-09-29,night,pending,IR-PMS,2026-09-10T08:16:21+00:00,2026-09-10T08:16:21+00:00
143,98,P.Way,periodic_packing_P&C,,42.9,0.0793,0.1306,33.78,90,2026-09-15,2026-09-29,any,pending,IR-PMS,2026-09-10T08:16:21+00:00,2026-09-10T08:16:21+00:00
144,5,S&T,periodic_cable_meggering,,43.96,0.0704,0.1199,17.93,90,2026-09-11,2026-10-02,night,pending,IR-PMS,2026-09-10T08:16:21+00:00,2026-09-10T08:16:21+00:00
145,27,TRD,periodic_isolator_maintenance,,24.2,0.0216,0.0769,20.17,60,2026-09-12,2026-10-12,night,pending,IR-PMS,2026-09-10T08:16:21+00:00,2026-09-10T08:16:21+00:00
146,73,S&T,periodic_cable_meggering,,47.37,0.0518,0.1103,22.32,90,2026-09-15,2026-10-06,any,pending,IR-PMS,2026-09-10T08:16:21+00:00,2026-09-10T08:16:21+00:00
147,66,P.Way,periodic_USFD_testing,,44.01,0.0743,0.2235,18.17,120,2026-09-09,2026-10-09,night,pending,IR-PMS,2026-09-10T08:16:21+00:00,2026-09-10T08:16:21+00:00
148,32,S&T,periodic_signal_round_testing,,32.68,0.0633,0.1777,29.44,60,2026-09-12,2026-09-26,any,pending,IR-PMS,2026-09-10T08:16:21+00:00,2026-09-10T08:16:21+00:00
149,81,S&T,periodic_cable_meggering,,41.07,0.0153,0.1427,25.07,90,2026-09-13,2026-10-13,any,pending,IR-PMS,2026-09-10T08:16:21+00:00,2026-09-10T08:16:21+00:00
150,89,P.Way,periodic_destressing,,41.22,0.0329,0.0732,33.32,240,2026-09-14,2026-10-14,any,pending,IR-PMS,2026-09-10T08:16:21+00:00,2026-09-10T08:16:21+00:00
151,82,P.Way,periodic_destressing,,24.36,0.0252,0.1125,21.71,240,2026-09-08,2026-10-08,any,pending,IR-PMS,2026-09-10T08:16:21+00:00,2026-09-10T08:16:21+00:00
152,44,S&T,periodic_point_machine_overhaul,,40.87,0.0652,0.2035,16.15,120,2026-09-09,2026-10-09,any,pending,IR-PMS,2026-09-10T08:16:21+00:00,2026-09-10T08:16:21+00:00
153,3,TRD,periodic_OHE_patrolling,,30.83,0.042,0.1911,39.89,90,2026-09-09,2026-10-09,night,pending,IR-PMS,2026-09-10T08:16:21+00:00,2026-09-10T08:16:21+00:00
154,84,TRD,periodic_contact_wire_measurement,,20.47,0.0165,0.0962,31.61,120,2026-09-09,2026-09-30,night,pending,IR-PMS,2026-09-10T08:16:21+00:00,2026-09-10T08:16:21+00:00
155,7,P.Way,periodic_packing_P&C,,20.86,0.04,0.0901,20.34,90,2026-09-11,2026-09-25,night,pending,IR-PMS,2026-09-10T08:16:21+00:00,2026-09-10T08:16:21+00:00
156,17,S&T,periodic_point_machine_overhaul,,42.51,0.0107,0.1272,39.7,120,2026-09-10,2026-10-10,any,pending,IR-PMS,2026-09-10T08:16:21+00:00,2026-09-10T08:16:21+00:00
157,89,P.Way,periodic_tamping,,42.18,0.026,0.0759,17.58,180,2026-09-14,2026-09-21,any,pending,IR-PMS,2026-09-10T08:16:21+00:00,2026-09-10T08:16:21+00:00
158,39,TRD,periodic_OHE_patrolling,,20.05,0.0549,0.1694,29.08,90,2026-09-13,2026-09-27,night,pending,IR-PMS,2026-09-10T08:16:21+00:00,2026-09-10T08:16:21+00:00
159,57,S&T,periodic_cable_meggering,,31.27,0.0744,0.1822,20.43,90,2026-09-10,2026-09-24,night,pending,IR-PMS,2026-09-10T08:16:21+00:00,2026-09-10T08:16:21+00:00
160,18,TRD,periodic_OHE_patrolling,,22.19,0.0774,0.152,21.92,90,2026-09-13,2026-10-04,night,pending,IR-PMS,2026-09-10T08:16:21+00:00,2026-09-10T08:16:21+00:00
161,32,S&T,periodic_point_machine_overhaul,,27.05,0.0694,0.1818,27.94,120,2026-09-11,2026-09-18,night,pending,IR-PMS,2026-09-10T08:16:21+00:00,2026-09-10T08:16:21+00:00
162,96,P.Way,periodic_packing_P&C,,25.18,0.0649,0.1922,24.65,90,2026-09-11,2026-09-18,night,pending,IR-PMS,2026-09-10T08:16:21+00:00,2026-09-10T08:16:21+00:00
163,64,S&T,periodic_point_machine_overhaul,,21.96,0.0791,0.2218,36.52,120,2026-09-08,2026-09-15,any,pending,IR-PMS,2026-09-10T08:16:21+00:00,2026-09-10T08:16:21+00:00
164,47,S&T,periodic_point_machine_overhaul,,18.5,0.0768,0.2016,16.69,120,2026-09-09,2026-10-09,any,pending,IR-PMS,2026-09-10T08:16:21+00:00,2026-09-10T08:16:21+00:00
165,28,P.Way,periodic_USFD_testing,,33.03,0.0455,0.1546,25.39,120,2026-09-07,2026-10-07,any,pending,IR-PMS,2026-09-10T08:16:21+00:00,2026-09-10T08:16:21+00:00
166,11,TRD,periodic_isolator_maintenance,,33.34,0.0294,0.1035,20.08,60,2026-09-15,2026-09-29,night,pending,IR-PMS,2026-09-10T08:16:21+00:00,2026-09-10T08:16:21+00:00
167,69,TRD,periodic_contact_wire_measurement,,46.6,0.0317,0.1198,20.97,120,2026-09-13,2026-09-20,night,pending,IR-PMS,2026-09-10T08:16:21+00:00,2026-09-10T08:16:21+00:00
168,12,P.Way,periodic_packing_P&C,,37.98,0.0529,0.0989,31.45,90,2026-09-08,2026-10-08,night,pending,IR-PMS,2026-09-10T08:16:21+00:00,2026-09-10T08:16:21+00:00
169,16,S&T,periodic_signal_round_testing,,33.69,0.0215,0.1663,34.57,60,2026-09-09,2026-09-16,any,pending,IR-PMS,2026-09-10T08:16:21+00:00,2026-09-10T08:16:21+00:00
170,22,P.Way,periodic_destressing,,45.0,0.0613,0.1143,23.38,240,2026-09-09,2026-09-30,any,pending,IR-PMS,2026-09-10T08:16:21+00:00,2026-09-10T08:16:21+00:00
171,35,TRD,periodic_isolator_maintenance,,20.31,0.0599,0.1633,26.38,60,2026-09-08,2026-09-29,any,pending,IR-PMS,2026-09-10T08:16:21+00:00,2026-09-10T08:16:21+00:00
172,8,TRD,periodic_contact_wire_measurement,,44.83,0.021,0.1461,31.85,120,2026-09-09,2026-09-30,night,pending,IR-PMS,2026-09-10T08:16:21+00:00,2026-09-10T08:16:21+00:00
173,30,P.Way,periodic_USFD_testing,,29.49,0.0271,0.119,18.75,120,2026-09-07,2026-09-14,night,pending,IR-PMS,2026-09-10T08:16:21+00:00,2026-09-10T08:16:21+00:00
174,71,P.Way,periodic_packing_P&C,,27.6,0.0274,0.1681,35.65,90,2026-09-10,2026-10-01,any,pending,IR-PMS,2026-09-10T08:16:21+00:00,2026-09-10T08:16:21+00:00
175,16,S&T,periodic_point_machine_overhaul,,19.38,0.0256,0.1224,25.02,120,2026-09-07,2026-09-21,any,pending,IR-PMS,2026-09-10T08:16:21+00:00,2026-09-10T08:16:21+00:00
176,37,TRD,periodic_contact_wire_measurement,,24.02,0.0487,0.0896,29.1,120,2026-09-12,2026-09-19,any,pending,IR-PMS,2026-09-10T08:16:21+00:00,2026-09-10T08:16:21+00:00
177,95,P.Way,periodic_tamping,,41.18,0.0514,0.1457,19.89,180,2026-09-14,2026-10-05,night,pending,IR-PMS,2026-09-10T08:16:21+00:00,2026-09-10T08:16:21+00:00
178,20,P.Way,periodic_USFD_testing,,43.19,0.0263,0.1044,36.93,120,2026-09-13,2026-09-20,any,pending,IR-PMS,2026-09-10T08:16:21+00:00,2026-09-10T08:16:21+00:00
179,1,S&T,periodic_point_machine_overhaul,,25.15,0.0173,0.1156,27.3,120,2026-09-13,2026-10-04,night,pending,IR-PMS,2026-09-10T08:16:21+00:00,2026-09-10T08:16:21+00:00
180,19,TRD,periodic_isolator_maintenance,,43.37,0.0131,0.0785,25.33,60,2026-09-11,2026-09-18,any,pending,IR-PMS,2026-09-10T08:16:21+00:00,2026-09-10T08:16:21+00:00
181,59,P.Way,periodic_USFD_testing,,35.76,0.0546,0.138,16.56,120,2026-09-08,2026-09-22,night,pending,IR-PMS,2026-09-10T08:16:21+00:00,2026-09-10T08:16:21+00:00
182,31,P.Way,periodic_destressing,,42.96,0.0748,0.158,23.16,240,2026-09-11,2026-10-02,any,pending,IR-PMS,2026-09-10T08:16:21+00:00,2026-09-10T08:16:21+00:00
183,35,TRD,periodic_OHE_patrolling,,21.27,0.0195,0.1442,17.64,90,2026-09-08,2026-09-22,any,pending,IR-PMS,2026-09-10T08:16:21+00:00,2026-09-10T08:16:21+00:00
184,60,S&T,periodic_cable_meggering,,24.23,0.0475,0.1936,22.71,90,2026-09-13,2026-09-20,any,pending,IR-PMS,2026-09-10T08:16:21+00:00,2026-09-10T08:16:21+00:00
185,16,S&T,periodic_signal_round_testing,,19.21,0.0678,0.1845,35.9,60,2026-09-09,2026-09-30,any,pending,IR-PMS,2026-09-10T08:16:21+00:00,2026-09-10T08:16:21+00:00
186,19,TRD,periodic_OHE_patrolling,,26.97,0.0377,0.0831,35.5,90,2026-09-10,2026-10-01,night,pending,IR-PMS,2026-09-10T08:16:21+00:00,2026-09-10T08:16:21+00:00
187,4,P.Way,periodic_packing_P&C,,41.81,0.0166,0.0678,18.04,90,2026-09-14,2026-09-28,night,pending,IR-PMS,2026-09-10T08:16:21+00:00,2026-09-10T08:16:21+00:00
188,100,TRD,periodic_OHE_patrolling,,36.91,0.0677,0.1486,31.12,90,2026-09-09,2026-09-23,any,pending,IR-PMS,2026-09-10T08:16:21+00:00,2026-09-10T08:16:21+00:00
189,10,TRD,periodic_OHE_patrolling,,21.86,0.0732,0.162,37.63,90,2026-09-08,2026-09-22,any,pending,IR-PMS,2026-09-10T08:16:21+00:00,2026-09-10T08:16:21+00:00
190,16,S&T,periodic_signal_round_testing,,42.65,0.0218,0.1249,24.87,60,2026-09-14,2026-09-21,night,pending,IR-PMS,2026-09-10T08:16:21+00:00,2026-09-10T08:16:21+00:00
191,49,P.Way,periodic_packing_P&C,,26.4,0.025,0.0856,37.09,90,2026-09-09,2026-09-30,night,pending,IR-PMS,2026-09-10T08:16:21+00:00,2026-09-10T08:16:21+00:00
192,79,TRD,periodic_isolator_maintenance,,32.37,0.0449,0.182,17.19,60,2026-09-10,2026-10-01,any,pending,IR-PMS,2026-09-10T08:16:21+00:00,2026-09-10T08:16:21+00:00
193,18,TRD,periodic_contact_wire_measurement,,41.85,0.0542,0.1824,39.74,120,2026-09-10,2026-09-24,any,pending,IR-PMS,2026-09-10T08:16:21+00:00,2026-09-10T08:16:21+00:00
194,62,P.Way,periodic_packing_P&C,,27.57,0.0372,0.097,20.48,90,2026-09-12,2026-10-03,any,pending,IR-PMS,2026-09-10T08:16:21+00:00,2026-09-10T08:16:21+00:00
195,8,TRD,periodic_contact_wire_measurement,,47.22,0.0637,0.2136,17.5,120,2026-09-15,2026-10-06,night,pending,IR-PMS,2026-09-10T08:16:21+00:00,2026-09-10T08:16:21+00:00
196,35,TRD,periodic_isolator_maintenance,,29.65,0.0503,0.1984,38.38,60,2026-09-07,2026-09-21,night,pending,IR-PMS,2026-09-10T08:16:21+00:00,2026-09-10T08:16:21+00:00
197,23,P.Way,periodic_tamping,,39.02,0.074,0.1171,38.69,180,2026-09-12,2026-10-03,night,pending,IR-PMS,2026-09-10T08:16:21+00:00,2026-09-10T08:16:21+00:00
198,73,S&T,periodic_signal_round_testing,,19.69,0.0223,0.0665,30.04,60,2026-09-14,2026-10-05,night,pending,IR-PMS,2026-09-10T08:16:21+00:00,2026-09-10T08:16:21+00:00
199,68,S&T,periodic_cable_meggering,,21.91,0.0743,0.1364,32.92,90,2026-09-07,2026-09-28,any,pending,IR-PMS,2026-09-10T08:16:21+00:00,2026-09-10T08:16:21+00:00
200,8,TRD,periodic_OHE_patrolling,,43.82,0.0642,0.1973,39.01,90,2026-09-09,2026-09-23,any,pending,IR-PMS,2026-09-10T08:16:21+00:00,2026-09-10T08:16:21+00:00
